Name,Accuracy,Precision,Recall,F1-Score
Decision Tree,0.8924,0.8884,0.8924,0.8893
MLP,0.8744939271255061,0.8690929879821321,0.8744939271255061,0.8679989385200034