Name,Accuracy,Precision,Recall,F1-Score
MLP,0.8744939271255061,0.8690929879821321,0.8744939271255061,0.8679989385200034
Decision Tree,0.8883,0.8833,0.8883,0.8851